candidate,date,ric,plain_ic,stress
mraw,2024-01-02,0.16255465458202753,0.18406202240918532,False
mraw,2024-01-03,0.02349093362857151,0.04239054876055449,False
mraw,2024-01-04,0.13066004432377043,0.2129539592561529,False
mraw,2024-01-05,0.04167647138926908,0.06456489189441304,False
mraw,2024-01-08,0.05845932149768687,0.06471107604098439,False
mraw,2024-01-09,-0.014285237370848974,-0.02301059610059836,False
mraw,2024-01-10,-0.1500184809603032,-0.12377255812616032,False
mraw,2024-01-11,0.21274666014327168,0.20029278419368393,False
mraw,2024-01-12,0.013482000313065044,0.041478365511148974,False
mraw,2024-01-15,-0.019760738785351836,-0.007790065710352873,False
mraw,2024-01-16,0.06671101563418605,0.15859453681454616,False
mraw,2024-01-17,-0.0934065917367536,-0.078582396429756,False
mraw,2024-01-18,0.15382206639622692,0.2368303037410819,False
mraw,2024-01-19,0.022960352993164266,0.04644467150122721,False
mraw,2024-01-22,0.05050157696954412,0.06710588107351337,False
mraw,2024-01-23,0.10575371584839616,0.18777954808677916,False
mraw,2024-01-24,0.07364923844126671,0.09314988060128973,False
mraw,2024-01-25,0.22154285143891028,0.3413714060240299,False
mraw,2024-01-26,0.10930849521461167,0.12001475761962889,False
mraw,2024-01-29,0.025994907403457067,0.058480550305805415,False
mraw,2024-01-30,0.08907644779094487,0.13923520755937446,False
mraw,2024-01-31,-0.06300961307706646,-0.08184797934473285,False
mraw,2024-02-01,-0.07222430031942462,0.0514978792458366,True
mraw,2024-02-02,0.02166502150418361,0.08661828158642326,True
mraw,2024-02-05,0.07914213766140005,0.04705749339812326,True
mraw,2024-02-06,0.03920755744114537,0.05076085456258607,True
mraw,2024-02-07,0.10479368197092753,0.05896036143276454,True
mraw,2024-02-08,-0.0883737017507272,-0.08809204775212041,True
mraw,2024-02-19,-0.05250719358148642,-0.11046314770157753,False
mraw,2024-02-20,0.006521755813063592,-0.05848501963443746,False
mraw,2024-02-21,0.035878110981977664,0.011818950967812138,False
mraw,2024-02-22,0.049295907133957,-0.03304812915766316,False
mraw,2024-02-23,0.021575438688818265,-0.07349273334617734,False
mraw,2024-02-26,0.061611235170439684,-0.1076710574636012,False
mraw,2024-02-27,-0.07966115128320932,0.11776750649868388,True
mraw,2024-02-28,0.1966073363081236,0.20354205259594801,False
mraw,2024-02-29,0.009248572469384117,-0.047285908517448946,False
mraw,2024-03-01,-0.08383960295503462,-0.10871098112835084,False
mraw,2024-03-04,-0.06901717088962364,0.04098880041698407,False
mraw,2024-03-05,-0.005997544680524635,0.0420461374643656,False
mraw,2024-03-06,-0.022152646319198253,0.11542490589734501,False
mraw,2024-03-07,0.011809115485119002,0.002914438549955964,False
mraw,2024-03-08,0.06001486671771742,-0.03116957893433179,False
mraw,2024-03-11,-0.09865335087119749,-0.09146279176445031,False
mraw,2024-03-12,-0.05305980261047948,-0.10424638903892512,False
mraw,2024-03-13,0.10238184041487904,0.22875185965859085,False
mraw,2024-03-14,0.06821261764045743,0.09233516488187224,False
mraw,2024-03-15,-0.010714241384949353,-0.04581709898050516,False
mraw,2024-03-18,0.04878740376457085,0.07500968749786063,False
mraw,2024-03-19,-0.02623375997895405,-0.01444508992616497,False
mraw,2024-03-20,0.08478792033902167,0.14630724096657788,False
mraw,2024-03-21,-0.08270273157409054,-0.08851627385318629,False
mraw,2024-03-22,0.08606035317298442,0.16930945247052104,True
mraw,2024-03-25,-0.07215955061193004,-0.08258181240048311,False
mraw,2024-03-26,-0.004665137616825788,0.13064031208896026,True
mraw,2024-03-27,-0.08591551344227998,-0.04446687547150733,False
mraw,2024-03-28,0.05581856386590626,0.09267998338689105,False
mraw,2024-03-29,0.1074708703621682,0.10738584690052233,False
mraw,2024-04-01,0.12128612238990952,0.23517457928562946,True
mraw,2024-04-02,0.05683354135857321,0.10985900485119895,False
mraw,2024-04-03,-0.056487836011355735,0.025922558500947348,False
mraw,2024-04-08,0.15287706681577942,0.15479142249310093,False
mraw,2024-04-09,0.06650141726473353,0.12661742776184975,False
mraw,2024-04-10,0.01659932088194622,0.06181647660771241,False
mraw,2024-04-11,0.0292915798821861,0.03516287347673685,False
mraw,2024-04-12,-0.0788007221668645,-0.07773823383693586,True
mraw,2024-04-15,-0.10571366591353808,-0.0974770373233575,True
mraw,2024-04-16,-0.008061940141920966,0.009579928057442054,True
mraw,2024-04-17,-0.11630495638008485,-0.09854585611755994,False
mraw,2024-04-18,0.05143788208552478,0.08801387315826853,True
mraw,2024-04-19,0.01454390999081707,-0.012988719465408527,True
mraw,2024-04-22,0.009083626691428759,-0.06734503415560779,False
mraw,2024-04-23,0.10401713448483796,0.013631208717248561,True
mraw,2024-04-24,0.028338225099729965,0.04796560118584732,False
mraw,2024-04-25,0.11319687791190847,0.05425539671818496,True
mraw,2024-04-26,0.04006651549647492,0.04479031125764792,True
mraw,2024-04-29,0.04761427132552312,0.1177956660224273,False
mraw,2024-04-30,-0.06336744229746569,-0.059587386563270346,False
mraw,2024-05-06,0.03913252576486955,-0.0007562528568420297,False
mraw,2024-05-07,-0.022223888819100354,0.0482980946866838,False
mraw,2024-05-08,-0.03868097542798308,-0.03215921467622374,False
mraw,2024-05-09,0.0866090239631214,0.1751589126696217,False
mraw,2024-05-10,-0.06817174623385372,-0.05965218528845127,True
mraw,2024-05-13,0.001962623777812529,0.019861751118004117,False
mraw,2024-05-14,0.09060427921974369,0.12358014710607493,False
mraw,2024-05-15,0.09738825894587827,0.11096960758693222,False
mraw,2024-05-16,0.04256001723086229,0.028024749265881048,False
mraw,2024-05-17,-0.040523704734491434,-0.0019869468556495905,False
mraw,2024-05-20,0.0861047265141449,0.12184378508573314,False
mraw,2024-05-21,0.14130462822112388,0.13481870346315675,False
mraw,2024-05-22,-0.028350792650662537,0.029487451533674693,False
mraw,2024-05-23,0.11896306618043756,0.16871596431145316,False
mraw,2024-05-24,-0.010854485832587576,-0.007957832892936802,False
mraw,2024-05-27,-0.07907857712968086,-0.0953703957562091,False
mraw,2024-05-28,0.01839432256430536,0.015977393890492936,False
mraw,2024-05-29,0.02759008968224238,0.04536695460299111,False
mraw,2024-05-30,0.02791762392612495,-0.013292445513143349,False
mraw,2024-05-31,-0.19715515494876515,-0.1795961285015636,False
mraw,2024-06-03,-0.07791871970519755,0.010062827811401375,False
mraw,2024-06-04,0.046062962830448514,0.024447311680216997,False
mraw,2024-06-05,0.027893600716025837,0.08650890539680313,False
mraw,2024-06-06,0.24847198588424746,0.3086789992792846,False
mraw,2024-06-07,-0.12042231634763005,-0.20295053254099368,True
mraw,2024-06-11,0.028401808823451325,0.024243062044121265,False
mraw,2024-06-12,-0.010575507115290457,-0.05832145189507553,False
mraw,2024-06-13,0.035024849538913126,0.08053848579629969,False
mraw,2024-06-14,-0.04560316837656785,-0.09647513970710796,False
mraw,2024-06-17,0.014576753025647739,0.027149228660368636,False
mraw,2024-06-18,0.04402418472206291,0.08360629817159128,False
mraw,2024-06-19,0.09230097340727689,0.04582456359424999,False
mraw,2024-06-20,0.06243962680267412,0.0639527218262695,False
mraw,2024-06-21,-0.0113941716065148,0.036373309987813,False
mraw,2024-06-24,0.13772113488382307,0.15004446350046283,False
mraw,2024-06-25,0.18178514932360235,0.1594813499568575,False
mraw,2024-06-26,0.008606740842281153,0.021086067909402654,False
mraw,2024-06-27,0.004114157082220628,0.026435348006873454,False
mraw,2024-06-28,0.09988987401786004,0.15767587012660386,False
mraw,2024-07-01,0.1605686779145814,0.1942673436058154,False
mraw,2024-07-02,0.08544769706369755,0.10692371129380467,False
mraw,2024-07-03,0.01913499432951415,0.06248403995975099,False
mraw,2024-07-04,0.06443944401170966,0.05440060928189275,False
mraw,2024-07-05,0.0014981978758967691,0.03289101470066307,False
mraw,2024-07-08,-0.1179929858563577,-0.12065798358346319,True
mraw,2024-07-09,-0.08372355256008375,-0.16992451826090277,False
mraw,2024-07-10,0.11815729222226175,0.11787851627965652,False
mraw,2024-07-11,0.012534235593650668,0.038575318513266336,False
mraw,2024-07-12,-0.02450352196949891,0.0725391140185859,False
mraw,2024-07-15,-0.05514764921131684,-0.08143668216320386,False
mraw,2024-07-16,0.13677396872205314,0.191969257933994,False
mraw,2024-07-17,0.06228900990547959,0.06120856330113137,False
mraw,2024-07-18,-0.03184289722531926,-0.07376713131283993,False
mraw,2024-07-19,0.0003399741777651426,-0.012119227013415347,False
mraw,2024-07-22,0.03583060387094533,0.1203413516215409,False
mraw,2024-07-23,0.056490895667770824,0.08406819347859032,False
mraw,2024-07-24,0.06044676125367098,0.048929979999828496,False
mraw,2024-07-25,0.10163113962798649,0.0995520269300904,False
mraw,2024-07-26,0.0479910937306705,0.11276879636548998,False
mraw,2024-07-29,0.06486801896629084,0.04801331441603259,False
mraw,2024-07-30,-0.03741814999914104,-0.12223902111405238,False
mraw,2024-07-31,0.039823688381452595,0.0856271137853876,False
mraw,2024-08-01,0.07325092001794675,0.11195334423838506,False
mraw,2024-08-02,0.027011461500324106,0.04959114942157388,False
mraw,2024-08-05,0.0017673505966058082,-0.01068104859475786,False
mraw,2024-08-06,0.027636977030569363,0.03525261153526061,False
mraw,2024-08-07,0.14128506763535648,0.21105843106959293,False
mraw,2024-08-08,0.07621051592725625,0.14756981164321215,False
mraw,2024-08-09,-0.00936304314738152,0.020633181048803764,False
mraw,2024-08-12,0.10138092508820722,0.09892202343384661,False
mraw,2024-08-13,0.04940885519543888,0.13814054512746574,False
mraw,2024-08-14,0.021528913560247828,0.0189711867974005,False
mraw,2024-08-15,-0.01668527154756038,-0.017055337508035312,False
mraw,2024-08-16,0.047242895570813584,0.13183193659598505,False
mraw,2024-08-19,0.011775661978153768,0.07523354644086203,False
mraw,2024-08-20,-0.006535733757201999,-0.03436972935650759,False
mraw,2024-08-21,0.06450597775832463,0.12773644875060633,False
mraw,2024-08-22,0.010651659720962306,0.024002290184074616,False
mraw,2024-08-23,0.09772764986024658,0.14156816062463948,False
mraw,2024-08-26,0.07723210174370324,0.13028854094138861,False
mraw,2024-08-27,0.0011706434480859783,-0.029322871341044016,False
mraw,2024-08-28,-0.03068032939932228,-0.06804358605549607,False
mraw,2024-08-29,-0.09720433940822294,-0.19852902688161278,False
mraw,2024-08-30,0.04018539481598551,0.15558571843252597,False
mraw,2024-09-02,-0.04142492637271144,-0.08780899436607464,False
mraw,2024-09-03,-0.1606629400642608,-0.22064952715561764,False
mraw,2024-09-04,0.08163345583767839,0.07954081053902741,False
mraw,2024-09-05,0.04447751328406178,0.14176072820813604,False
mraw,2024-09-06,0.012332630367514546,0.013886374374560157,False
mraw,2024-09-09,-0.019004555109539457,-0.06754310354248431,False
mraw,2024-09-10,-0.04962547774907625,-0.12261656718629814,False
mraw,2024-09-11,0.17442522782177167,0.19635687618753517,False
mraw,2024-09-12,0.13987905431619807,0.2124121511949062,False
mraw,2024-09-13,-0.03311993904203842,-0.023425763990182508,False
mraw,2024-09-18,0.16581180362715708,0.23216932526691317,False
mraw,2024-09-19,0.04398923283106953,0.08180295600238849,False
mraw,2024-09-20,-0.007027184734790833,0.011234795520880785,False
mraw,2024-09-23,0.09796302277192494,0.03877261463703483,False
mraw,2024-09-24,0.1033080758745156,0.1583707621608458,False
mraw,2024-09-25,0.014104847616955112,-0.017260036800508884,False
mraw,2024-09-26,-0.06388008165373489,-0.11406191858487615,True
mraw,2024-09-27,0.1929359433491845,0.14620992214520562,True
mraw,2024-09-30,-0.07809538804398333,-0.0978375182539336,True
mraw,2024-10-08,0.0070509562355169815,0.05508577361996186,True
mraw,2024-10-09,0.05183090873680663,0.12519494266369272,True
mraw,2024-10-10,-0.015628527348569402,0.045076640791763205,True
mraw,2024-10-11,-0.1113834101105299,-0.1195146937614736,True
mraw,2024-10-14,-0.12348392941555732,-0.13855310532975026,True
mraw,2024-10-15,0.019968534161926777,0.04509624823062377,True
mraw,2024-10-16,0.07939770845316077,0.05333787998032161,False
mraw,2024-10-17,-0.03489452286148678,-0.15168553747772737,True
mraw,2024-10-18,-0.033338582070149274,-0.07768260826195873,True
mraw,2024-10-21,0.02394672934429483,0.11207432830907904,True
mraw,2024-10-22,0.10639440804854712,0.12229313064679541,True
mraw,2024-10-23,0.054248859766361804,0.10169092050758424,False
mraw,2024-10-24,0.0894575668118634,0.1114187173371654,True
mraw,2024-10-25,0.041114328745407026,0.11151550590360242,True
mraw,2024-10-28,-0.04114000665823793,-0.005297774920772171,True
mraw,2024-10-29,0.012652763831920247,0.04209005329859778,True
mraw,2024-10-30,0.06297502760973744,0.023531015755513893,True
mraw,2024-10-31,0.12158469482492372,0.20452115577844696,True
mraw,2024-11-01,0.08885650967470884,0.0633000128411288,True
mraw,2024-11-04,0.02102213245240855,-0.07713716911256585,True
mraw,2024-11-05,0.025294124838956204,0.03959359515139049,True
mraw,2024-11-06,0.14202964207434404,0.22607905936492448,True
mraw,2024-11-07,0.013200381261437827,0.013101446485085069,True
mraw,2024-11-08,0.01842914356865367,-0.0976981986865845,True
mraw,2024-11-11,-0.04987188630246853,0.11670936731491033,True
mraw,2024-11-12,0.01707992500141918,0.04212938686108876,False
mraw,2024-11-13,0.0436596377870631,0.21336447476901682,False
mraw,2024-11-14,-0.006612163536793867,0.0373033004428974,True
mraw,2024-11-15,0.11162256219866686,0.17657268543231514,True
mraw,2024-11-18,-0.06404013226251795,-0.11057330546464468,False
mraw,2024-11-19,0.006959798129044313,-0.06769759279540231,True
mraw,2024-11-20,0.03446630877364386,0.037051631651259034,False
mraw,2024-11-21,-0.005878447359816281,0.06320830958405188,True
mraw,2024-11-22,0.07558746123406733,0.08047719528545752,True
mraw,2024-11-25,0.056266950563803465,0.18572344952194603,True
mraw,2024-11-26,-0.14685278152405087,-0.22625056850849842,True
mraw,2024-11-27,0.10274072195174297,0.2023203075903958,False
mraw,2024-11-28,-0.035969681904679904,-0.051098759862887214,False
mraw,2024-11-29,0.06830260228541309,0.035681273971906444,False
mraw,2024-12-02,0.09561410939833541,0.18483439233035107,False
mraw,2024-12-03,0.0062562795460537,0.03351044966242749,False
mraw,2024-12-04,0.04984951652333315,0.023353981699940515,False
mraw,2024-12-05,0.17147168182217223,0.2841335923614351,False
mraw,2024-12-06,0.008853640872271222,0.08057232763805743,False
mraw,2024-12-09,-0.03559967507560762,-0.019816020960405578,False
mraw,2024-12-10,0.029860924071314663,0.03621955381546103,False
mraw,2024-12-11,-0.045496705051014115,0.025247515006281755,False
mraw,2024-12-12,-0.037862753805558494,-0.034544476148334405,True
mraw,2024-12-13,0.09817257074677481,0.17125203285985666,False
mraw,2024-12-16,-0.03802958631956966,0.00634739961322987,False
mraw,2024-12-17,-0.08890056937902714,-0.08505166673783476,True
mraw,2024-12-18,-0.10355632766118669,-0.12563950626372952,True
mraw,2024-12-19,-0.17707487571043598,-0.27009416767356126,True
mraw,2024-12-20,0.040424205674625915,0.1315952942281358,True
mraw,2024-12-23,-0.054097530224470426,-0.07313407780789326,False
mraw,2024-12-24,-0.011272029799257668,0.053490414483588225,False
mraw,2024-12-25,-0.1346699439334903,-0.18200143599844695,True
mraw,2024-12-26,0.1671609439219716,0.3218746468337075,False
mraw,2024-12-27,0.05979862707832175,0.07472757263071904,False
mraw,2024-12-30,0.016719598516356453,0.11448924676510845,True
en454_control,2024-01-02,-0.033433448569868775,-0.022410771445772297,False
en454_control,2024-01-03,-0.026533290384711375,-0.02107550101572029,False
en454_control,2024-01-04,0.032050649532353155,0.072366966637618,False
en454_control,2024-01-05,-0.01538033491810655,-0.003385133891851164,False
en454_control,2024-01-08,-0.07234453290966317,-0.06840765366166218,False
en454_control,2024-01-09,-0.24312060312060313,-0.24897032837852703,False
en454_control,2024-01-10,-0.1507614989739238,-0.13627204368660636,False
en454_control,2024-01-11,0.022353186854188856,0.01797670110668001,False
en454_control,2024-01-12,0.021798467806483837,0.046173050094607114,False
en454_control,2024-01-15,-0.0013567675933150614,0.004725043015066769,False
en454_control,2024-01-16,-0.014033628819199959,0.024696120227945543,False
en454_control,2024-01-17,0.06001738010555644,0.07524832858310364,False
en454_control,2024-01-18,0.03686156697779944,0.09442926743028852,False
en454_control,2024-01-19,-0.1031564871484711,-0.077280942816836,False
en454_control,2024-01-22,-0.12448427184699727,-0.10216879119684615,False
en454_control,2024-01-23,0.10175309176912382,0.14095506454252668,False
en454_control,2024-01-24,0.03012508212508213,0.03741673119327509,False
en454_control,2024-01-25,0.17323604923604924,0.26387663200778977,False
en454_control,2024-01-26,-0.007668523668523668,-0.00015309016732755357,False
en454_control,2024-01-29,-0.1676703236703237,-0.14901748602842216,False
en454_control,2024-01-30,0.4025018345018346,0.4339296814358951,False
en454_control,2024-01-31,-0.0026131586131586133,-0.02441729826217052,False
en454_control,2024-02-01,0.2951224370663248,0.46004566797766905,True
en454_control,2024-02-02,0.31292470827540964,0.38627611239718856,True
en454_control,2024-02-05,-0.2034977394977395,-0.24057026515120586,True
en454_control,2024-02-06,0.03351957351957353,0.05927088011902299,True
en454_control,2024-02-07,-0.15711321711321713,-0.334978916114448,True
en454_control,2024-02-08,0.06182704982704982,0.06212529377412405,True
en454_control,2024-02-19,-0.01187042387042387,-0.09646963841921088,False
en454_control,2024-02-20,-0.041834477834477836,-0.13229987960564382,False
en454_control,2024-02-21,-0.2666536346536347,-0.3037869773266756,False
en454_control,2024-02-22,-0.22894844494844493,-0.3256044487404523,False
en454_control,2024-02-23,-0.12755109155109157,-0.2433581494464412,False
en454_control,2024-02-26,-0.26495127695127696,-0.47894062255070474,False
en454_control,2024-02-27,0.33683379683379683,0.6172417133141407,True
en454_control,2024-02-28,-0.32850772050772054,-0.32327178296993664,False
en454_control,2024-02-29,-0.21753450153450155,-0.3152848484890691,False
en454_control,2024-03-01,0.14880824880824883,0.11606736553865356,False
en454_control,2024-03-04,0.16447245247245249,0.2537821664270141,False
en454_control,2024-03-05,-0.08447339768557932,-0.04988556864702972,False
en454_control,2024-03-06,-0.23794253728344578,-0.2250354447497985,False
en454_control,2024-03-07,0.3038547539445022,0.29913775239601686,False
en454_control,2024-03-08,-0.04583474207541863,-0.09790546339223288,False
en454_control,2024-03-11,-0.1566921229847081,-0.1507264826351161,False
en454_control,2024-03-12,0.04349349750552155,0.013813763882318478,False
en454_control,2024-03-13,-0.00793679852196886,0.030387975523699248,False
en454_control,2024-03-14,-0.11058678317596152,-0.10103024724839917,False
en454_control,2024-03-15,0.016912852732492007,-0.010513889436529622,False
en454_control,2024-03-18,-0.021743745743745744,0.005464447710636293,False
en454_control,2024-03-19,0.016944136944136944,0.02306637801407502,False
en454_control,2024-03-20,0.07001115401115401,0.09909999761408744,False
en454_control,2024-03-21,0.1463926463926464,0.1448040874157045,False
en454_control,2024-03-22,0.0017585897585897586,0.019154725211373017,True
en454_control,2024-03-25,-0.07256148056148055,-0.08081826336735486,False
en454_control,2024-03-26,-0.005560853560853561,0.06861778376411774,True
en454_control,2024-03-27,0.02445590445590446,0.06319832270802436,False
en454_control,2024-03-28,-0.015187767187767189,0.02948661729941539,False
en454_control,2024-03-29,-0.08915885315885316,-0.08928601975072396,False
en454_control,2024-04-01,0.09902887502887503,0.1960717497902421,True
en454_control,2024-04-02,0.24013837213837214,0.2733353480357067,False
en454_control,2024-04-03,0.2992993192993193,0.36713787762624145,False
en454_control,2024-04-08,-0.23641401241401241,-0.23447745476622625,False
en454_control,2024-04-09,0.19352206952206955,0.2668983304976513,False
en454_control,2024-04-10,0.1725987405987406,0.19300477996912657,False
en454_control,2024-04-11,0.15886670686670687,0.1661597423058589,False
en454_control,2024-04-12,0.36951262551262554,0.3699463178798461,True
en454_control,2024-04-15,0.38881794481794485,0.39400397819665206,True
en454_control,2024-04-16,-0.2239254679254679,-0.20623708789198325,True
en454_control,2024-04-17,-0.030129978129978134,-0.006824316841791846,False
en454_control,2024-04-18,0.2121788241788242,0.23975021366052912,True
en454_control,2024-04-19,-0.173008829008829,-0.1961355320229297,True
en454_control,2024-04-22,-0.15391920991920993,-0.26163110080320534,False
en454_control,2024-04-23,-0.13111606711606713,-0.2103235954735528,True
en454_control,2024-04-24,0.07187832722502059,0.1017704234493087,False
en454_control,2024-04-25,-0.1527128247128247,-0.21761062180690635,True
en454_control,2024-04-26,0.030020160923894167,0.03672290434691286,True
en454_control,2024-04-29,0.09367429858690206,0.17120633607993746,False
en454_control,2024-04-30,-0.028628476171562337,-0.025724429440602253,False
en454_control,2024-05-06,-0.07419576690919374,-0.10478790249249463,False
en454_control,2024-05-07,0.11560857450637008,0.16045585073195537,False
en454_control,2024-05-08,0.02256618943592891,0.02503656132472588,False
en454_control,2024-05-09,-0.0774300553058068,-0.04034090948146758,False
en454_control,2024-05-10,0.12435666528251696,0.12888213294558284,True
en454_control,2024-05-13,-0.03112884090304454,-0.016952362382251014,False
en454_control,2024-05-14,0.005265052627778078,0.022890055790126273,False
en454_control,2024-05-15,0.0724044124284605,0.08081601218743416,False
en454_control,2024-05-16,-0.00696809835887992,-0.019753818740114813,False
en454_control,2024-05-17,0.044936490913701096,0.08312013833778337,False
en454_control,2024-05-20,0.060794556966439345,0.07847753346935753,False
en454_control,2024-05-21,-0.0036677077879482683,-0.006989353880375804,False
en454_control,2024-05-22,-0.05877329433642058,-0.0228534961291138,False
en454_control,2024-05-23,0.20978446984058205,0.24541349377456373,False
en454_control,2024-05-24,0.07040885374352307,0.07255826474039563,False
en454_control,2024-05-27,0.005332587096114149,-0.008482680449968449,False
en454_control,2024-05-28,0.008449554432191723,0.0068400366896256585,False
en454_control,2024-05-29,-0.07731888124368169,-0.055865528305386256,False
en454_control,2024-05-30,-0.17230963745256123,-0.21967907032415143,False
en454_control,2024-05-31,0.0572274575868524,0.07925046030641374,False
en454_control,2024-06-03,0.1838994690233778,0.2523398703741621,False
en454_control,2024-06-04,-0.04099394297041346,-0.06791871560466413,False
en454_control,2024-06-05,0.15101811841730997,0.20157074866140443,False
en454_control,2024-06-06,0.02253042082550648,0.09644832567503644,False
en454_control,2024-06-07,-0.03741775314811055,-0.11391081796544669,True
en454_control,2024-06-11,-0.13379664289709053,-0.13725252460524925,False
en454_control,2024-06-12,-0.011491680056810316,-0.05567007929385047,False
en454_control,2024-06-13,-0.08906557860465676,-0.05731978388144584,False
en454_control,2024-06-14,0.09297550573107703,0.05034570732347262,False
en454_control,2024-06-17,-0.046243906243906244,-0.03318876703236745,False
en454_control,2024-06-18,-0.044885084885084886,-0.004807893192693785,False
en454_control,2024-06-19,0.02451132058485455,-0.015416703614219679,False
en454_control,2024-06-20,0.11914215514215513,0.12110250163225389,False
en454_control,2024-06-21,0.19265969777392622,0.2429888186459906,False
en454_control,2024-06-24,0.24017465561754134,0.24956768937648804,False
en454_control,2024-06-25,-0.21859655647631598,-0.23359426141394346,False
en454_control,2024-06-26,-0.030327862933073352,-0.015382617393561535,False
en454_control,2024-06-27,0.141610837290196,0.1554475625102544,False
en454_control,2024-06-28,0.10066416316115713,0.1514111482645767,False
en454_control,2024-07-01,-0.13361081321802762,-0.11036405917599015,False
en454_control,2024-07-02,-0.02866256236196115,-0.003361150580219098,False
en454_control,2024-07-03,0.046649178236352576,0.07785856545365269,False
en454_control,2024-07-04,-0.06961287138842247,-0.08224852047705832,False
en454_control,2024-07-05,0.1140435224803962,0.14534921982748877,False
en454_control,2024-07-08,-0.04755568795248153,-0.05072975145164896,True
en454_control,2024-07-09,-0.06996161692754879,-0.14376252110444174,False
en454_control,2024-07-10,-0.044950056268693535,-0.045341752682866984,False
en454_control,2024-07-11,-0.023653757966383214,-0.002252456842598651,False
en454_control,2024-07-12,0.04043766812905089,0.10858088797030374,False
en454_control,2024-07-15,-0.1821294962296966,-0.20770035761274294,False
en454_control,2024-07-16,0.10188654787051579,0.16800173389028755,False
en454_control,2024-07-17,0.015240887768289614,0.014805214974493098,False
en454_control,2024-07-18,-0.039226799537792637,-0.07878432041511974,False
en454_control,2024-07-19,-0.003061215638828236,-0.013693069313790034,False
en454_control,2024-07-22,0.10926634278252258,0.18498467122453993,False
en454_control,2024-07-23,0.1291721185932879,0.16047693707708607,False
en454_control,2024-07-24,-0.0014077449932108097,-0.01065041681620334,False
en454_control,2024-07-25,0.06806367576252381,0.0665167842959209,False
en454_control,2024-07-26,0.08097707820724566,0.12277228824644307,False
en454_control,2024-07-29,-0.09472588388695426,-0.10463905645439704,False
en454_control,2024-07-30,-0.026962179243624592,-0.10241887077286388,False
en454_control,2024-07-31,-0.0019108923942070318,0.03801793894371253,False
en454_control,2024-08-01,0.15226660012391038,0.1874453966660147,False
en454_control,2024-08-02,0.21931610801693055,0.2362405726667821,False
en454_control,2024-08-05,0.012272566304558703,-0.004115356409320943,False
en454_control,2024-08-06,-0.008316665959924344,-0.00015423612934392197,False
en454_control,2024-08-07,0.1514120496739697,0.2253423257441745,False
en454_control,2024-08-08,0.1545492061227645,0.20926685561789715,False
en454_control,2024-08-09,-0.09973767553721845,-0.05953792392792911,False
en454_control,2024-08-12,0.057604403115887465,0.054852043241363745,False
en454_control,2024-08-13,0.1791675978183396,0.22728711432950463,False
en454_control,2024-08-14,0.09733381477670053,0.09510938091600617,False
en454_control,2024-08-15,-0.001982318992339032,-0.002073792347087231,False
en454_control,2024-08-16,0.018466157540305835,0.07024389845325153,False
en454_control,2024-08-19,-0.007298524977883694,0.029230773522100222,False
en454_control,2024-08-20,0.10837127708871196,0.07753795371340072,False
en454_control,2024-08-21,0.03223796542033014,0.06238766996932576,False
en454_control,2024-08-22,0.06411354841815763,0.06850989815799542,False
en454_control,2024-08-23,0.004333110665775996,0.016561490829719586,False
en454_control,2024-08-26,-0.09972025572025574,-0.07764778451178062,False
en454_control,2024-08-27,0.04801596001596002,0.03077204664427975,False
en454_control,2024-08-28,0.13980852780852782,0.12411471859770656,False
en454_control,2024-08-29,0.0038820998820998827,-0.04190525470562824,False
en454_control,2024-08-30,0.24025918825918827,0.31039290166658157,False
en454_control,2024-09-02,-0.013327417327417329,-0.05845692373519883,False
en454_control,2024-09-03,-0.0826006666006666,-0.11899360492134184,False
en454_control,2024-09-04,0.02616366216366216,0.02502648624908431,False
en454_control,2024-09-05,0.07045549045549047,0.15733422747850845,False
en454_control,2024-09-06,0.07038875838875838,0.07189998561563873,False
en454_control,2024-09-09,0.051084123084123086,0.02174501442855005,False
en454_control,2024-09-10,-0.1027079227079227,-0.1478585292636635,False
en454_control,2024-09-11,0.18557218157218158,0.19684236854143805,False
en454_control,2024-09-12,0.18265705465705467,0.22241496241167047,False
en454_control,2024-09-13,-0.019208350635204336,-0.013462391673696388,False
en454_control,2024-09-18,0.1848962688962689,0.23356335544829998,False
en454_control,2024-09-19,0.1012138972138972,0.13279994037081252,False
en454_control,2024-09-20,0.0035490875490875495,0.0322152247606483,False
en454_control,2024-09-23,-0.07196009996009997,-0.13210319116295582,False
en454_control,2024-09-24,0.0005695565695565696,0.037024058260617485,False
en454_control,2024-09-25,0.03022716622716623,-0.0056577960651573965,False
en454_control,2024-09-26,-0.17870841470841473,-0.21534931252458298,True
en454_control,2024-09-27,-0.19549998349998352,-0.24789734221609414,True
en454_control,2024-09-30,-0.2786395586395587,-0.3212547937473553,True
en454_control,2024-10-08,-0.008895452895452896,0.03814919449820292,True
en454_control,2024-10-09,0.09666660066660068,0.09906331154562029,True
en454_control,2024-10-10,0.2094691494691495,0.2520006008046171,True
en454_control,2024-10-11,-0.0433943233943234,-0.049401856752782074,True
en454_control,2024-10-14,-0.000196008196008196,-0.015471654674287523,True
en454_control,2024-10-15,0.1441865881865882,0.1800204305666293,True
en454_control,2024-10-16,-0.09276010476010477,-0.1270854988298976,False
en454_control,2024-10-17,-0.3916106716106716,-0.49518951517932425,True
en454_control,2024-10-18,0.005157750937310054,-0.049797396715365594,True
en454_control,2024-10-21,0.1299857433971198,0.21331646636845067,True
en454_control,2024-10-22,0.1175135835570044,0.13061037991246788,True
en454_control,2024-10-23,-0.03311500395739084,0.011130798426623768,False
en454_control,2024-10-24,0.01163563991727842,0.025780503926611277,True
en454_control,2024-10-25,0.09769694961744055,0.1447425512295275,True
en454_control,2024-10-28,0.025580958514026253,0.03609157013806083,True
en454_control,2024-10-29,0.05854957978462761,0.0767940655925824,True
en454_control,2024-10-30,0.05166871826369357,0.026942972667592106,True
en454_control,2024-10-31,0.1885617721930347,0.2433337257082093,True
en454_control,2024-11-01,-0.027978118398960077,-0.05702836574544852,True
en454_control,2024-11-04,0.06495388374346289,-0.011246117582596025,True
en454_control,2024-11-05,0.10327694826280763,0.110390388597597,True
en454_control,2024-11-06,0.20986240117984045,0.2751915067810029,True
en454_control,2024-11-07,0.010095938637073061,0.010088561662024402,True
en454_control,2024-11-08,-0.06571493715289832,-0.1750870689994842,True
en454_control,2024-11-11,0.12105364098216402,0.29768975964666333,True
en454_control,2024-11-12,0.053038888219781595,0.084456437151978,False
en454_control,2024-11-13,-0.026231558964024897,0.08326455013518842,False
en454_control,2024-11-14,0.07571315654885001,0.123706683527469,True
en454_control,2024-11-15,0.2553727033646873,0.33003390289092516,True
en454_control,2024-11-18,0.015049305818844892,-0.013343945317648804,False
en454_control,2024-11-19,0.17491123891123891,0.1775231886949819,True
en454_control,2024-11-20,0.09285261285261286,0.09327555651423781,False
en454_control,2024-11-21,0.05802341802341803,0.09309394858953182,True
en454_control,2024-11-22,-0.079008643008643,-0.07626110895736182,True
en454_control,2024-11-25,-0.02601475401475402,0.007390237669932478,True
en454_control,2024-11-26,-0.19948953148953152,-0.2786816901861167,True
en454_control,2024-11-27,-0.036785595214452925,-0.00044182896925029673,False
en454_control,2024-11-28,-0.09893213093213095,-0.11137278833312697,False
en454_control,2024-11-29,0.09895511095511096,0.09227147476925819,False
en454_control,2024-12-02,-0.029648021648021647,-0.009029286932204615,False
en454_control,2024-12-03,-0.10957578821306276,-0.09149154284797695,False
en454_control,2024-12-04,0.1393075033075033,0.13087472126857722,False
en454_control,2024-12-05,0.09621114021114022,0.15343181409661708,False
en454_control,2024-12-06,-0.09302096102096102,-0.06622139535693927,False
en454_control,2024-12-09,0.0029255069255069255,0.007798137365563134,False
en454_control,2024-12-10,0.010340302340302341,0.01382040821731995,False
en454_control,2024-12-11,-0.038745302745302745,-0.032478486647693226,False
en454_control,2024-12-12,-0.1090044593691888,-0.10817938059833498,True
en454_control,2024-12-13,-0.10713117752820273,-0.05830336466715491,False
en454_control,2024-12-16,-0.11228948841988362,-0.07206195401148598,False
en454_control,2024-12-17,-0.004819328990238512,-0.0011295519065511153,True
en454_control,2024-12-18,0.11737770980830822,0.10511208933391693,True
en454_control,2024-12-19,0.030921865236432183,-0.018917577658840647,True
en454_control,2024-12-20,-0.1692943475378692,-0.11159145477131852,True
en454_control,2024-12-23,-0.14597745720441138,-0.15390448909205243,False
en454_control,2024-12-24,-0.21080445624969174,-0.17728719362814935,False
en454_control,2024-12-25,0.05938152725070448,0.05283920804801468,True
en454_control,2024-12-26,0.14762949059167751,0.2224880558184465,False
en454_control,2024-12-27,-0.02451414653938395,-0.017107411469639754,False
en454_control,2024-12-30,-0.142305018445299,-0.08734011309178187,True
pool_factor_control,2024-01-02,-0.014187217625261256,-0.017543988635453773,False
pool_factor_control,2024-01-03,-0.046413521537487915,-0.047235731238430986,False
pool_factor_control,2024-01-04,0.011135355553139728,0.007970626638415631,False
pool_factor_control,2024-01-05,-0.0040313229897472646,-0.005193481017070262,False
pool_factor_control,2024-01-08,-0.030958352144347927,-0.03145648900397174,False
pool_factor_control,2024-01-09,0.015431589812931868,0.015259646055577647,False
pool_factor_control,2024-01-10,0.09672453845584826,0.09301313718458727,False
pool_factor_control,2024-01-11,-0.005040318455839515,-0.004046700331426331,False
pool_factor_control,2024-01-12,-0.03230627282299673,-0.03309732516920771,False
pool_factor_control,2024-01-15,0.009271449881668014,0.009383212176223283,False
pool_factor_control,2024-01-16,-0.010897342555323755,-0.02968901724514568,False
pool_factor_control,2024-01-17,0.07462604476915628,0.07172361215809799,False
pool_factor_control,2024-01-18,-0.0006002550508287171,-0.01376728621514178,False
pool_factor_control,2024-01-19,-0.0572002821700663,-0.0611685139611728,False
pool_factor_control,2024-01-22,-0.04088932108903349,-0.039673466529156556,False
pool_factor_control,2024-01-23,-0.09596793958332649,-0.10446083377064533,False
pool_factor_control,2024-01-24,0.005510700772347287,0.004456394646126162,False
pool_factor_control,2024-01-25,-0.04053348133068578,-0.044689570654620994,False
pool_factor_control,2024-01-26,-0.08967456232397389,-0.08966678650917285,False
pool_factor_control,2024-01-29,-0.05313593634181245,-0.05450776049508405,False
pool_factor_control,2024-01-30,-0.05523085799197562,-0.053444010969256266,False
pool_factor_control,2024-01-31,0.010392337487071166,0.011175507666350162,False
pool_factor_control,2024-02-01,-0.0651491784170026,-0.08238448666915762,True
pool_factor_control,2024-02-02,-0.02523556148394938,-0.03667453128001651,True
pool_factor_control,2024-02-05,-0.010969673231832327,-0.00841499285869051,True
pool_factor_control,2024-02-06,-0.05095051565119797,-0.05331737149390206,True
pool_factor_control,2024-02-07,0.05123643476301574,0.061378899451811124,True
pool_factor_control,2024-02-08,-0.007127734194181298,-0.007314187469311477,True
pool_factor_control,2024-02-19,0.03549527329377253,0.04371307254495335,False
pool_factor_control,2024-02-20,-0.008225065818164014,0.006745993321176729,False
pool_factor_control,2024-02-21,0.014237547429758737,0.02172657476829671,False
pool_factor_control,2024-02-22,0.04824327457653422,0.062167713997275366,False
pool_factor_control,2024-02-23,0.0481447453141767,0.05808899349682674,False
pool_factor_control,2024-02-26,0.06580441562139225,0.08444000352968382,False
pool_factor_control,2024-02-27,0.007586135167111327,-0.05822511079927199,True
pool_factor_control,2024-02-28,0.09995773740630691,0.09820238962751254,False
pool_factor_control,2024-02-29,-0.008804472294406293,0.019263415042808638,False
pool_factor_control,2024-03-01,-0.018800106760656982,-0.014124154901378801,False
pool_factor_control,2024-03-04,-0.030359335673417323,-0.04486392814726389,False
pool_factor_control,2024-03-05,-0.029220297780035157,-0.03838626691546273,False
pool_factor_control,2024-03-06,-0.05700599011958843,-0.07514588669096378,False
pool_factor_control,2024-03-07,0.0018428892352606756,0.004322290029653636,False
pool_factor_control,2024-03-08,0.027658306848629622,0.04586655224231237,False
pool_factor_control,2024-03-11,0.024705130200882924,0.022004351917753337,False
pool_factor_control,2024-03-12,-0.006329872363509782,0.0065929927473749265,False
pool_factor_control,2024-03-13,-0.004399003197703291,-0.032864666892121246,False
pool_factor_control,2024-03-14,0.0021265216814944634,-0.00351040635385265,False
pool_factor_control,2024-03-15,-0.03677172912208135,-0.028694457413822927,False
pool_factor_control,2024-03-18,0.038624516988096665,0.033541815283491275,False
pool_factor_control,2024-03-19,-0.007087667448294908,-0.007491394100306429,False
pool_factor_control,2024-03-20,0.0182418082565614,0.011325154185782692,False
pool_factor_control,2024-03-21,-0.04316075835214326,-0.04253611044556023,False
pool_factor_control,2024-03-22,-0.10903010910323237,-0.10876835002327384,True
pool_factor_control,2024-03-25,-0.008663193460965321,-0.011065043184960014,False
pool_factor_control,2024-03-26,-0.02089199167101367,-0.035989031339552245,True
pool_factor_control,2024-03-27,-0.016840510459984626,-0.020353006882625094,False
pool_factor_control,2024-03-28,0.015237844936698455,0.006100660944933355,False
pool_factor_control,2024-03-29,0.02510881863999586,0.025103938653029737,False
pool_factor_control,2024-04-01,-0.024115302969800672,-0.027643634191263807,True
pool_factor_control,2024-04-02,-0.09385104161635736,-0.09913487898826309,False
pool_factor_control,2024-04-03,-0.050543970072923286,-0.04995287248069983,False
pool_factor_control,2024-04-08,0.015007104631054393,0.014748083614187802,False
pool_factor_control,2024-04-09,-0.0455648963084014,-0.05059779007095613,False
pool_factor_control,2024-04-10,-0.03728956155117195,-0.03945962222619913,False
pool_factor_control,2024-04-11,-0.08523438785114254,-0.08458381976580955,False
pool_factor_control,2024-04-12,-0.10957974120898008,-0.10981669854937114,True
pool_factor_control,2024-04-15,-0.12885238273938962,-0.12968053470333024,True
pool_factor_control,2024-04-16,0.03226640543784264,0.03004157789030145,True
pool_factor_control,2024-04-17,0.001748289823503054,-0.0012963511274830639,False
pool_factor_control,2024-04-18,-0.05399841957752825,-0.05841578262542237,True
pool_factor_control,2024-04-19,0.05284020546653438,0.05986716678734502,True
pool_factor_control,2024-04-22,0.08037498464304413,0.09219120689664222,False
pool_factor_control,2024-04-23,-0.004941599394951281,0.0016287674965294154,True
pool_factor_control,2024-04-24,-0.00017533424634285554,-0.00405595329201475,False
pool_factor_control,2024-04-25,0.0721068807676839,0.08161605838435361,True
pool_factor_control,2024-04-26,0.0611566672273579,0.06039915874348626,True
pool_factor_control,2024-04-29,-0.023446726196318463,-0.02541285755694966,False
pool_factor_control,2024-04-30,-0.0315150010093331,-0.03226233918423029,False
pool_factor_control,2024-05-06,0.03095771979553544,0.03222092726911983,False
pool_factor_control,2024-05-07,-0.010062174471315076,-0.020605525274511545,False
pool_factor_control,2024-05-08,-0.02552887817242063,-0.026564819915818005,False
pool_factor_control,2024-05-09,-0.08612897183453305,-0.08377277969953319,False
pool_factor_control,2024-05-10,-0.07533178415110789,-0.07628609520504545,True
pool_factor_control,2024-05-13,-0.031327845204956684,-0.03393619190577474,False
pool_factor_control,2024-05-14,0.013108953911669868,0.009293422720516486,False
pool_factor_control,2024-05-15,0.018894687165023828,0.016524738947498813,False
pool_factor_control,2024-05-16,0.01987088502806101,0.023156704504789356,False
pool_factor_control,2024-05-17,-0.013513173222990544,-0.02544866996783442,False
pool_factor_control,2024-05-20,-0.03561822301234798,-0.04020721217533887,False
pool_factor_control,2024-05-21,0.04597986915604956,0.046396136048620445,False
pool_factor_control,2024-05-22,-0.006261495718614876,-0.016586388608208956,False
pool_factor_control,2024-05-23,-0.047314653012589095,-0.057911885040112604,False
pool_factor_control,2024-05-24,-0.03551628996027481,-0.03576032451717007,False
pool_factor_control,2024-05-27,0.06784423549392918,0.06991918563727696,False
pool_factor_control,2024-05-28,-0.027354174241194407,-0.02671065597942553,False
pool_factor_control,2024-05-29,0.07434757708925771,0.0698463103483319,False
pool_factor_control,2024-05-30,-0.03578617206168879,-0.017278383737928574,False
pool_factor_control,2024-05-31,-0.08122763296494478,-0.08144846594466193,False
pool_factor_control,2024-06-03,-0.02191405257656148,-0.03312548652980586,False
pool_factor_control,2024-06-04,0.04934270035305056,0.05147767719828872,False
pool_factor_control,2024-06-05,-0.07244596338942687,-0.08352237794714158,False
pool_factor_control,2024-06-06,0.004672276030464828,-0.007024313403837,False
pool_factor_control,2024-06-07,0.04408574528071616,0.06803022036147559,True
pool_factor_control,2024-06-11,-0.01686725012031317,-0.016020659422016647,False
pool_factor_control,2024-06-12,0.01424583946553736,0.024064254504210934,False
pool_factor_control,2024-06-13,-0.12265776658300272,-0.12892915239960995,False
pool_factor_control,2024-06-14,0.05779983404406165,0.05896853256064607,False
pool_factor_control,2024-06-17,-0.010844847804084607,-0.012830283761516074,False
pool_factor_control,2024-06-18,-0.027479807768132154,-0.031107269733412553,False
pool_factor_control,2024-06-19,0.011019690428800388,0.01127802023863967,False
pool_factor_control,2024-06-20,-0.033157584997686375,-0.03346364518151735,False
pool_factor_control,2024-06-21,-0.03234811237211526,-0.0322391286212854,False
pool_factor_control,2024-06-24,-0.04881846077589401,-0.050978084181748276,False
pool_factor_control,2024-06-25,0.06655852124114742,0.06962824974591325,False
pool_factor_control,2024-06-26,-0.05016975814912764,-0.05235054515763481,False
pool_factor_control,2024-06-27,-0.07538300357888328,-0.07775118380819265,False
pool_factor_control,2024-06-28,-0.05113506519104324,-0.05821797323224306,False
pool_factor_control,2024-07-01,-0.016857321967906912,-0.019394365317899294,False
pool_factor_control,2024-07-02,0.04987182848641395,0.046865297322320566,False
pool_factor_control,2024-07-03,-0.06981141838505246,-0.07410611897556901,False
pool_factor_control,2024-07-04,0.061136783111317275,0.0614820199575642,False
pool_factor_control,2024-07-05,-0.07604976670737074,-0.07972162124495914,False
pool_factor_control,2024-07-08,-0.07555442215924234,-0.07553974230781839,True
pool_factor_control,2024-07-09,0.04129900910153928,0.04287778347210189,False
pool_factor_control,2024-07-10,0.027894478509269453,0.028027784824517288,False
pool_factor_control,2024-07-11,0.028901163332315294,0.024512039903700596,False
pool_factor_control,2024-07-12,-0.04508499218408341,-0.055143295993955385,False
pool_factor_control,2024-07-15,0.008988663407986687,0.009492746135353582,False
pool_factor_control,2024-07-16,0.09741320590522026,0.08638357023681045,False
pool_factor_control,2024-07-17,0.032089780216051224,0.032364002160392986,False
pool_factor_control,2024-07-18,0.06331744879089674,0.06685437343409069,False
pool_factor_control,2024-07-19,0.048672411169186226,0.05260003647770012,False
pool_factor_control,2024-07-22,0.036391568052336815,0.023835356573136138,False
pool_factor_control,2024-07-23,0.008869567940041541,0.003149426109325245,False
pool_factor_control,2024-07-24,0.03026548894773749,0.03304234305718808,False
pool_factor_control,2024-07-25,-0.09661120386213932,-0.0960954555902158,False
pool_factor_control,2024-07-26,-0.060170233017704036,-0.06167366776375156,False
pool_factor_control,2024-07-29,0.07652660413599172,0.07608506540482032,False
pool_factor_control,2024-07-30,0.0005064160292909816,0.017216389986719906,False
pool_factor_control,2024-07-31,0.023513767014554557,0.02002354769587266,False
pool_factor_control,2024-08-01,0.04222264318521182,0.03828687686305961,False
pool_factor_control,2024-08-02,-0.03382318544754984,-0.03538296202685617,False
pool_factor_control,2024-08-05,0.06665418104106509,0.06887142787241393,False
pool_factor_control,2024-08-06,-0.027635305576699895,-0.028994068664348584,False
pool_factor_control,2024-08-07,0.006962267598043497,0.0014350252347784785,False
pool_factor_control,2024-08-08,-0.08305386569968336,-0.09206825667803233,False
pool_factor_control,2024-08-09,-0.003566496936152416,-0.0048905359133605475,False
pool_factor_control,2024-08-12,-0.025020504781919584,-0.024537811404514217,False
pool_factor_control,2024-08-13,-0.06100797254200596,-0.07024199290638315,False
pool_factor_control,2024-08-14,0.021418586964450703,0.02130056264472251,False
pool_factor_control,2024-08-15,-0.0076274610276959726,-0.007499300557327136,False
pool_factor_control,2024-08-16,-0.05075431449473755,-0.05284575245579492,False
pool_factor_control,2024-08-19,-0.006043680023902887,-0.011946014876058104,False
pool_factor_control,2024-08-20,-0.00831358369471807,-0.0052506757492137195,False
pool_factor_control,2024-08-21,0.00560747470154623,6.804718335444869e-06,False
pool_factor_control,2024-08-22,-0.05588584087772587,-0.056679400830176176,False
pool_factor_control,2024-08-23,-0.016960169740757716,-0.017671563958774172,False
pool_factor_control,2024-08-26,0.047396896102420344,0.0393930973737811,False
pool_factor_control,2024-08-27,0.03665901741755519,0.04059659587380754,False
pool_factor_control,2024-08-28,0.029475003222921462,0.029351073402093166,False
pool_factor_control,2024-08-29,-0.03577853557989125,-0.028222942791430457,False
pool_factor_control,2024-08-30,-0.0012156578745883726,-0.0040934797479876585,False
pool_factor_control,2024-09-02,0.002765140836689044,0.005698233804031349,False
pool_factor_control,2024-09-03,0.03840448244967181,0.0504802973164212,False
pool_factor_control,2024-09-04,0.03379155534991642,0.034077965379690316,False
pool_factor_control,2024-09-05,0.01695183103051924,0.005584845382565771,False
pool_factor_control,2024-09-06,-0.02193288584227819,-0.02249149363024575,False
pool_factor_control,2024-09-09,0.024899524688920274,0.029460114490172568,False
pool_factor_control,2024-09-10,-0.04804164464954392,-0.038296013691187014,False
pool_factor_control,2024-09-11,0.07647773397855946,0.07550029176336781,False
pool_factor_control,2024-09-12,-0.05135556224060723,-0.07582557599154297,False
pool_factor_control,2024-09-13,-0.009904864864925495,-0.012040359509230715,False
pool_factor_control,2024-09-18,0.0256136648436295,0.02216942787978825,False
pool_factor_control,2024-09-19,-0.0312771542557691,-0.03358896387643823,False
pool_factor_control,2024-09-20,-0.010998682602731583,-0.010569959277437735,False
pool_factor_control,2024-09-23,-0.0007981001594521344,0.005538216195104961,False
pool_factor_control,2024-09-24,0.08379243281635626,0.08177831686166145,False
pool_factor_control,2024-09-25,-0.027889028983601707,-0.022047055631971388,False
pool_factor_control,2024-09-26,0.050552222832824824,0.039676318330012054,True
pool_factor_control,2024-09-27,0.10498414206208342,0.10555801798940455,True
pool_factor_control,2024-09-30,0.03863834016981598,0.04538629312061843,True
pool_factor_control,2024-10-08,-0.015529246078105862,-0.01570300126762921,True
pool_factor_control,2024-10-09,-0.038468337664143905,-0.03874674481676243,True
pool_factor_control,2024-10-10,-0.0754468083449114,-0.06907617530970647,True
pool_factor_control,2024-10-11,-0.001496486560590946,-0.001326371245360753,True
pool_factor_control,2024-10-14,0.025703656285453656,0.028484628789196963,True
pool_factor_control,2024-10-15,0.004099018653283633,-0.0005985828027473133,True
pool_factor_control,2024-10-16,0.06133001680549441,0.06495544890680234,False
pool_factor_control,2024-10-17,-0.01727730057856908,0.010706688278532191,True
pool_factor_control,2024-10-18,-0.015378999141225098,-0.005612600988600223,True
pool_factor_control,2024-10-21,-0.04584816109033422,-0.04841677173007365,True
pool_factor_control,2024-10-22,0.023034969972829927,0.02344172557810482,True
pool_factor_control,2024-10-23,-0.05940546453993844,-0.06591870199680687,False
pool_factor_control,2024-10-24,0.048957490619597394,0.04869345970729603,True
pool_factor_control,2024-10-25,0.014691477122612975,0.005553996572052919,True
pool_factor_control,2024-10-28,0.0055775137432742695,0.0017221221977413218,True
pool_factor_control,2024-10-29,0.00507290943440482,0.002837083260149295,True
pool_factor_control,2024-10-30,0.05664500474688816,0.06522877159580757,True
pool_factor_control,2024-10-31,-0.003566763833244921,-0.018133488947594256,True
pool_factor_control,2024-11-01,0.07820333941464028,0.08406451299731382,True
pool_factor_control,2024-11-04,0.07136734459636195,0.08196745480548301,True
pool_factor_control,2024-11-05,-0.036474904793601395,-0.03837562759508427,True
pool_factor_control,2024-11-06,0.015787824486821575,0.005711847313843004,True
pool_factor_control,2024-11-07,0.055634630243304437,0.05564794963777061,True
pool_factor_control,2024-11-08,0.026424751905502974,0.05237948916130643,True
pool_factor_control,2024-11-11,-0.03913599454223638,-0.06731463294040799,True
pool_factor_control,2024-11-12,0.04680009843274749,0.04167708553137811,False
pool_factor_control,2024-11-13,-0.010362387740579508,-0.02896240783957531,False
pool_factor_control,2024-11-14,-0.06955740085568483,-0.07363526232853436,True
pool_factor_control,2024-11-15,-0.034675246100020984,-0.02899014738657328,True
pool_factor_control,2024-11-18,0.06676370923841177,0.07337930344418621,False
pool_factor_control,2024-11-19,-0.008120369223103318,-0.0020354154803919455,True
pool_factor_control,2024-11-20,-0.025654060792375418,-0.02596297631324024,False
pool_factor_control,2024-11-21,-0.056402480867571526,-0.06821335515699543,True
pool_factor_control,2024-11-22,0.017494013826897803,0.016777456846857983,True
pool_factor_control,2024-11-25,-0.04652892191350847,-0.05936652496149188,True
pool_factor_control,2024-11-26,-0.01176531473904046,-0.004253264928145289,True
pool_factor_control,2024-11-27,0.05082830256715798,0.039262838277458155,False
pool_factor_control,2024-11-28,-0.018776831483104498,-0.01748638233934039,False
pool_factor_control,2024-11-29,0.04950750699021215,0.049208116052301805,False
pool_factor_control,2024-12-02,0.027388251773734874,0.012657602378319147,False
pool_factor_control,2024-12-03,-0.019929970493715136,-0.021633984437164647,False
pool_factor_control,2024-12-04,0.03595934622819536,0.03916648560793613,False
pool_factor_control,2024-12-05,-0.026332050914718592,-0.05183863995753709,False
pool_factor_control,2024-12-06,-0.0018906576260460022,-0.008178945629178638,False
pool_factor_control,2024-12-09,-0.023933839832831965,-0.025036897504909523,False
pool_factor_control,2024-12-10,-0.04054411175989301,-0.041250117932922666,False
pool_factor_control,2024-12-11,-0.01672479250108874,-0.025926206582744724,False
pool_factor_control,2024-12-12,-0.02168301407519145,-0.021930531087088978,True
pool_factor_control,2024-12-13,-0.025185415826642712,-0.03170053791385148,False
pool_factor_control,2024-12-16,0.021209815228070607,0.013756413448760333,False
pool_factor_control,2024-12-17,0.04595754065989468,0.04548274148979012,True
pool_factor_control,2024-12-18,-0.02418930184898561,-0.02246626854462154,True
pool_factor_control,2024-12-19,-0.004011454319616339,-0.0007335286780837587,True
pool_factor_control,2024-12-20,-0.03290429196935932,-0.03525684440872016,True
pool_factor_control,2024-12-23,-0.03199857131700578,-0.031523256151624955,False
pool_factor_control,2024-12-24,-0.019269817084791214,-0.021996520393700238,False
pool_factor_control,2024-12-25,0.04741886824100904,0.05382089649018025,True
pool_factor_control,2024-12-26,-0.038258167394139335,-0.05412358053308634,False
pool_factor_control,2024-12-27,0.055690033804485714,0.05200233507210988,False
pool_factor_control,2024-12-30,-0.049278565025528485,-0.07305613308089098,True
noise_control,2024-01-02,-0.004070097149501963,0.00014091131212256328,False
noise_control,2024-01-03,-0.0006066319294944496,0.0010363159362064601,False
noise_control,2024-01-04,-0.004924780540203965,0.0028277867430915055,False
noise_control,2024-01-05,0.0869265979164814,0.08508005059067275,False
noise_control,2024-01-08,0.0741266316416617,0.07255943186620721,False
noise_control,2024-01-09,0.012927348927348929,0.01231633083062157,False
noise_control,2024-01-10,0.02532624407975109,0.02579199237298875,False
noise_control,2024-01-11,0.005314039490392195,0.0040855476885214475,False
noise_control,2024-01-12,0.01415774491926796,0.012625873447248527,False
noise_control,2024-01-15,0.012735573248599297,0.013794168683059039,False
noise_control,2024-01-16,0.034228011578712976,0.03428501622718497,False
noise_control,2024-01-17,-0.02188427305060571,-0.017691697199190417,False
noise_control,2024-01-18,0.018744070724030643,0.023238720314674045,False
noise_control,2024-01-19,-0.02296115353830784,-0.021319456433930992,False
noise_control,2024-01-22,0.03323428839661304,0.0343151583472614,False
noise_control,2024-01-23,-0.043686712764869066,-0.03970320560562702,False
noise_control,2024-01-24,0.03156969156969157,0.032478105380368216,False
noise_control,2024-01-25,0.013719817719817718,0.029895190684305854,False
noise_control,2024-01-26,0.018105834105834107,0.018343520049467495,False
noise_control,2024-01-29,-0.03698737298737299,-0.03857686785331054,False
noise_control,2024-01-30,0.03118319518319518,0.03435582975215778,False
noise_control,2024-01-31,0.0020516540516540517,0.00522625110319902,False
noise_control,2024-02-01,-0.0008274567152322662,0.0012717989945553732,True
noise_control,2024-02-02,0.02524580692917366,0.024340465433338537,True
noise_control,2024-02-05,-0.06584810984810985,-0.0727569916349803,True
noise_control,2024-02-06,-0.03773452973452974,-0.036013859466268595,True
noise_control,2024-02-07,-0.0011032331032331034,-0.022952678790032623,True
noise_control,2024-02-08,0.020933360933360935,0.02085329228815084,True
noise_control,2024-02-19,-0.0046932766932766936,0.004986790242209407,False
noise_control,2024-02-20,-0.012556344556344558,-0.011440215982780255,False
noise_control,2024-02-21,0.018572766572766575,0.01893787148363426,False
noise_control,2024-02-22,-0.03293290493290493,-0.042979487314839075,False
noise_control,2024-02-23,0.016955392955392955,0.018854307283536074,False
noise_control,2024-02-26,0.042207018207018214,0.04031362897432857,False
noise_control,2024-02-27,0.00471980871980872,0.006557862813619468,True
noise_control,2024-02-28,-0.001818925818925819,-0.0006496386691278294,False
noise_control,2024-02-29,-0.019510699510699513,-0.011998243278279428,False
noise_control,2024-03-01,-0.03471529071529072,-0.033210470162332015,False
noise_control,2024-03-04,-0.03227625227625228,-0.030131840245865515,False
noise_control,2024-03-05,-0.010703284032289082,-0.012288831291147492,False
noise_control,2024-03-06,0.012549826989136901,0.013405093256528437,False
noise_control,2024-03-07,-0.0475925420197113,-0.04768823492350259,False
noise_control,2024-03-08,-0.04311305357751794,-0.02691895069632219,False
noise_control,2024-03-11,0.023976601924499456,0.024122915917510767,False
noise_control,2024-03-12,-0.038409732377668246,-0.03795047976988182,False
noise_control,2024-03-13,0.03865739888184777,0.0368711402012177,False
noise_control,2024-03-14,-0.003953709220242286,-0.007833067212491098,False
noise_control,2024-03-15,-0.01079659619539379,-0.009465109939027293,False
noise_control,2024-03-18,-0.047601719601719605,-0.04306395131769228,False
noise_control,2024-03-19,-0.006687198687198687,-0.006012314480530639,False
noise_control,2024-03-20,-0.05227363627363628,-0.05286292311360274,False
noise_control,2024-03-21,-0.010592662592662594,-0.01059131380400096,False
noise_control,2024-03-22,-0.021083889083889085,-0.02711221556648493,True
noise_control,2024-03-25,0.04050976050976051,0.04040365950307077,False
noise_control,2024-03-26,-0.0008491208491208492,-0.001670305795578735,True
noise_control,2024-03-27,0.07047537447537448,0.07439551312732803,False
noise_control,2024-03-28,-0.025564765564765567,-0.023303158021993505,False
noise_control,2024-03-29,0.046801234801234805,0.046792637540055484,False
noise_control,2024-04-01,-0.007531111531111532,-0.006344083904260948,True
noise_control,2024-04-02,0.05294935694935696,0.04924940841698053,False
noise_control,2024-04-03,0.007106215106215107,0.00902642959125097,False
noise_control,2024-04-08,-0.03617482817482818,-0.03632348387747888,False
noise_control,2024-04-09,0.057733089733089736,0.05823661452015106,False
noise_control,2024-04-10,0.010952878952878954,0.0154869623734068,False
noise_control,2024-04-11,0.013282765282765284,0.014675284871492125,False
noise_control,2024-04-12,-0.03904295104295105,-0.03910636773781323,True
noise_control,2024-04-15,-0.046178458178458184,-0.04496678252120261,True
noise_control,2024-04-16,0.01987779187779188,0.01674570650400578,True
noise_control,2024-04-17,-0.027411951411951418,-0.028021040910712502,False
noise_control,2024-04-18,0.06676185076185076,0.06680607274161943,True
noise_control,2024-04-19,0.012177528177528178,0.015699609157510258,True
noise_control,2024-04-22,-0.0017188457188457192,-0.009224668161895135,False
noise_control,2024-04-23,-0.016589884589884592,-0.021705246309152777,True
noise_control,2024-04-24,0.027335848874927023,0.03057411017200072,False
noise_control,2024-04-25,0.04909486909486909,0.051536522793248385,True
noise_control,2024-04-26,0.00013549347121204978,0.0011446598313170813,True
noise_control,2024-04-29,-0.026835700723724324,-0.03381995624624018,False
noise_control,2024-04-30,0.012379738455890759,0.011862977630875767,False
noise_control,2024-05-06,0.00806688451979033,0.00867664412306557,False
noise_control,2024-05-07,-0.010798822870967157,-0.012648595871628546,False
noise_control,2024-05-08,-0.02856584038948768,-0.027602833489390664,False
noise_control,2024-05-09,0.014151534299830891,0.02040527114895302,False
noise_control,2024-05-10,-0.019505244723681595,-0.018818397072417697,True
noise_control,2024-05-13,-0.014131721312754633,-0.01262630820737763,False
noise_control,2024-05-14,-0.008568560544512447,-0.011004183401449541,False
noise_control,2024-05-15,-0.027778800844933105,-0.027797716192645712,False
noise_control,2024-05-16,0.06927651097991779,0.06948440272127782,False
noise_control,2024-05-17,-0.03508412905944177,-0.04195879911000944,False
noise_control,2024-05-20,0.051869335763101224,0.0576367951748361,False
noise_control,2024-05-21,-0.021802897085462212,-0.021525554954405737,False
noise_control,2024-05-22,-0.04692747657477116,-0.04423005003985239,False
noise_control,2024-05-23,-0.019153923462540696,-0.020739275034685062,False
noise_control,2024-05-24,-0.000937526705061775,-0.0008633399342580577,False
noise_control,2024-05-27,0.04397971919815606,0.04203763970376987,False
noise_control,2024-05-28,0.06952566764065388,0.06926687665557904,False
noise_control,2024-05-29,0.0036624162327926926,0.004129937248579096,False
noise_control,2024-05-30,0.040497059130112596,0.038983158449200896,False
noise_control,2024-05-31,-0.015345542546383546,-0.016533341040293272,False
noise_control,2024-06-03,0.07114079665802972,0.07084702952082617,False
noise_control,2024-06-04,0.00484487397933146,-0.0011611049595403,False
noise_control,2024-06-05,-0.02588199341384749,-0.029807702827429946,False
noise_control,2024-06-06,0.034931655896755606,0.042184005185759745,False
noise_control,2024-06-07,-0.030144674637270663,-0.033491335708411334,True
noise_control,2024-06-11,0.007724624824421207,0.008025310341260083,False
noise_control,2024-06-12,0.0070397371319215,0.008707649627271831,False
noise_control,2024-06-13,0.010889177754909217,0.0074598275619172216,False
noise_control,2024-06-14,0.004112597669873667,-0.0032082970916011404,False
noise_control,2024-06-17,-0.020784356784356788,-0.024097853523233587,False
noise_control,2024-06-18,-0.030506310506310506,-0.027278104155746493,False
noise_control,2024-06-19,-0.028215856215856212,-0.03573582199441782,False
noise_control,2024-06-20,0.09177442377442378,0.0913947019887232,False
noise_control,2024-06-21,0.0028530333941155575,-0.0034293100901555346,False
noise_control,2024-06-24,-0.03342893594997803,-0.03291663996068069,False
noise_control,2024-06-25,0.0058002972912792545,0.006732591358758136,False
noise_control,2024-06-26,0.04022785510961863,0.038477492299766165,False
noise_control,2024-06-27,0.003929095428093424,0.002637891020218905,False
noise_control,2024-06-28,-0.00611274200051755,-0.0012962423190886593,False
noise_control,2024-07-01,-0.06177965540690991,-0.06115587755522507,False
noise_control,2024-07-02,0.043553846431601935,0.044631294955711505,False
noise_control,2024-07-03,-0.023781352494779345,-0.021513497530893478,False
noise_control,2024-07-04,0.020658253443824583,0.021880183865532254,False
noise_control,2024-07-05,-0.023115648714847108,-0.02260988358800154,False
noise_control,2024-07-08,0.002779035548574626,0.002305471879620731,True
noise_control,2024-07-09,0.04761094561495362,0.044987611526685775,False
noise_control,2024-07-10,-0.022737149975626925,-0.022767405877723457,False
noise_control,2024-07-11,0.02549458075309778,0.027382822481415332,False
noise_control,2024-07-12,0.011177165141092994,0.01685857283166509,False
noise_control,2024-07-15,-0.02872393435519688,-0.023564409223257043,False
noise_control,2024-07-16,0.0038488027105261567,0.010744787954079342,False
noise_control,2024-07-17,0.025416195748836957,0.0255948000749676,False
noise_control,2024-07-18,-0.028732674157927875,-0.026627587286486423,False
noise_control,2024-07-19,0.017388018949818576,0.019728432992469513,False
noise_control,2024-07-22,0.01928014691555816,0.03395807742272663,False
noise_control,2024-07-23,-0.04710065611205906,-0.038742169118584954,False
noise_control,2024-07-24,-0.0033339047757051264,-0.00512207681145708,False
noise_control,2024-07-25,-0.03786893125650882,-0.037919038101490235,False
noise_control,2024-07-26,0.02579261009662434,0.027895469388818796,False
noise_control,2024-07-29,-0.026848381115591565,-0.02868377697172591,False
noise_control,2024-07-30,0.015615962017932014,0.011273378823468015,False
noise_control,2024-07-31,0.014564264055173469,0.01680903365953229,False
noise_control,2024-08-01,-0.03251199139103091,-0.03053813649005436,False
noise_control,2024-08-02,0.022918805914326514,0.025021766949582653,False
noise_control,2024-08-05,0.016885216336650296,0.016266696293913536,False
noise_control,2024-08-06,-0.026703647170596468,-0.027149863619989303,False
noise_control,2024-08-07,-0.003873150320508427,-0.00970420520486892,False
noise_control,2024-08-08,-0.015250328307737005,-0.02027692822763112,False
noise_control,2024-08-09,0.013181896456972186,0.013939591271773157,False
noise_control,2024-08-12,-0.004539324038904946,-0.004746254419783793,False
noise_control,2024-08-13,-0.02424072786462561,-0.023126706112379283,False
noise_control,2024-08-14,-0.04410832475762335,-0.044393424152937136,False
noise_control,2024-08-15,-0.012544626828866824,-0.012610495909618654,False
noise_control,2024-08-16,-0.02693757484939849,-0.018541675586657765,False
noise_control,2024-08-19,-0.010563084126210378,-0.01619653166434714,False
noise_control,2024-08-20,0.009723663543302822,0.00916635459833494,False
noise_control,2024-08-21,-0.03883046573627735,-0.03654720599183811,False
noise_control,2024-08-22,0.0051105093069020915,0.006420769769535289,False
noise_control,2024-08-23,-0.0035354673310585122,-0.0025860997714934244,False
noise_control,2024-08-26,0.009576105576105576,0.00031984917780892083,False
noise_control,2024-08-27,-0.029251349251349253,-0.027862726030997965,False
noise_control,2024-08-28,-0.027763467763467765,-0.028186966325186382,False
noise_control,2024-08-29,-0.027111987111987115,-0.028114986779509656,False
noise_control,2024-08-30,0.009877209877209877,0.010481256976845401,False
noise_control,2024-09-02,-0.0043892563892563895,-0.0026105839476874273,False
noise_control,2024-09-03,-0.011129915129915131,-0.006536323101967699,False
noise_control,2024-09-04,0.008011520011520012,0.008332713792989777,False
noise_control,2024-09-05,-0.061509829509829514,-0.06885778192826641,False
noise_control,2024-09-06,0.034960294960294964,0.03492205158810754,False
noise_control,2024-09-09,-0.07657472857472858,-0.08213411435398014,False
noise_control,2024-09-10,0.01995676395676396,0.014821151969644042,False
noise_control,2024-09-11,-0.00864052464052464,-0.008130994360101338,False
noise_control,2024-09-12,-0.02476596076596077,-0.027220320722282993,False
noise_control,2024-09-13,0.03634121095042938,0.035510964205415246,False
noise_control,2024-09-18,-0.016832860832860834,-0.01426329830183616,False
noise_control,2024-09-19,0.01803804603804604,0.008646630720751933,False
noise_control,2024-09-20,0.00822107622107622,0.006805596386456264,False
noise_control,2024-09-23,-0.03730813330813331,-0.035548581601120136,False
noise_control,2024-09-24,-0.010019458019458019,-0.00914586914849916,False
noise_control,2024-09-25,0.027991095991095997,0.02684411277688897,False
noise_control,2024-09-26,0.02125318525318526,0.030512019931465444,True
noise_control,2024-09-27,0.02001938001938002,0.01341787176526292,True
noise_control,2024-09-30,0.009947325947325949,0.015486005529403355,True
noise_control,2024-10-08,0.02825965625965626,0.02267409125893781,True
noise_control,2024-10-09,-0.06056205656205656,-0.05065073286884197,True
noise_control,2024-10-10,-0.0141978621978622,-0.017941440425859326,True
noise_control,2024-10-11,0.035000243000243,0.03436419591054224,True
noise_control,2024-10-14,-0.04325010725010725,-0.04420318135324085,True
noise_control,2024-10-15,0.021330789330789333,0.02634106032240281,True
noise_control,2024-10-16,-0.012223308223308223,-0.01208931967984816,False
noise_control,2024-10-17,-0.05743636543636544,-0.08009421091399697,True
noise_control,2024-10-18,-0.013223720714702677,-0.012106749440726568,True
noise_control,2024-10-21,0.017687653462714115,0.019011957236435593,True
noise_control,2024-10-22,-0.0030977222773051144,-0.00191536199621972,True
noise_control,2024-10-23,-0.007894035425527699,-0.007651433977445941,False
noise_control,2024-10-24,-0.018971325381537982,-0.021155067440564158,True
noise_control,2024-10-25,-0.008936599347109433,-0.00886865051783478,True
noise_control,2024-10-28,0.006946975477818507,0.0073607962790580295,True
noise_control,2024-10-29,0.003407497523110896,0.0006185448986942688,True
noise_control,2024-10-30,-0.01283090637526691,-0.011846664726627107,True
noise_control,2024-10-31,0.01610891452574819,0.0075502397836588195,True
noise_control,2024-11-01,-0.010610422045291784,-0.013068353287970758,True
noise_control,2024-11-04,0.04380830128725919,0.044235030461940834,True
noise_control,2024-11-05,-0.00039240411057264425,0.0006284756005300435,True
noise_control,2024-11-06,-0.02659311230917834,-0.02341389884244401,True
noise_control,2024-11-07,0.025154733851967835,0.025190891398232697,True
noise_control,2024-11-08,-0.01195547138988686,-0.0031820825131764706,True
noise_control,2024-11-11,0.06966930387894683,0.04438281465773633,True
noise_control,2024-11-12,-0.004190241380770885,-0.0035857913922627354,False
noise_control,2024-11-13,-0.05109902637555736,-0.0594084439830989,False
noise_control,2024-11-14,-0.035462330107789534,-0.047684557189960355,True
noise_control,2024-11-15,0.0080387561910608,0.0003007221803749765,True
noise_control,2024-11-18,0.03259063472289925,0.0338436649856305,False
noise_control,2024-11-19,-0.00814898014898015,-0.00527364952993941,True
noise_control,2024-11-20,0.022406554406554407,0.022097373313025883,False
noise_control,2024-11-21,0.00044041244041244046,0.0009956770972361663,True
noise_control,2024-11-22,0.04836022836022836,0.04763930903298417,True
noise_control,2024-11-25,0.025709773709773714,0.03372048765248091,True
noise_control,2024-11-26,0.016615372615372617,0.007856292240104533,True
noise_control,2024-11-27,-0.06055197482051188,-0.061252894186901594,False
noise_control,2024-11-28,-0.004214284214284215,-0.001857759942167767,False
noise_control,2024-11-29,0.0013105933105933107,-0.002573974373183089,False
noise_control,2024-12-02,-0.014162318162318164,-0.022816467791110233,False
noise_control,2024-12-03,-0.029727491018072174,-0.02850919472417291,False
noise_control,2024-12-04,0.0007960087960087961,0.0032399657193895605,False
noise_control,2024-12-05,-0.024073740073740076,-0.030420567894090464,False
noise_control,2024-12-06,0.028601668601668597,0.019348057084553946,False
noise_control,2024-12-09,0.06405821205821206,0.06231548684090096,False
noise_control,2024-12-10,0.047084099084099086,0.04651598824084841,False
noise_control,2024-12-11,-0.04180784980784981,-0.04177739587965266,False
noise_control,2024-12-12,0.044123454115438075,0.04423606651428209,True
noise_control,2024-12-13,0.0027680528000651856,-0.005122584013060409,False
noise_control,2024-12-16,-0.011412809383876895,-0.003443359665266135,False
noise_control,2024-12-17,0.005289279526821813,0.005530878321344287,True
noise_control,2024-12-18,0.02744674471880137,0.02918592301964057,True
noise_control,2024-12-19,0.004828588445169652,-0.012434742977566034,True
noise_control,2024-12-20,-0.0022759928141379017,0.001720550420780491,True
noise_control,2024-12-23,0.006379982112598027,0.00760740552879163,False
noise_control,2024-12-24,0.007363036062336272,0.00913892651865684,False
noise_control,2024-12-25,0.006663857618198295,0.012651171423907058,True
noise_control,2024-12-26,0.014350643014830522,0.022518320287609177,False
noise_control,2024-12-27,0.08334046735420789,0.08475567504140834,False
noise_control,2024-12-30,0.010869113602580534,0.01642763181436379,True
