candidate,evaluation_protocol,individual_baseline_candidates,entry_rank_ic_mean,entry_rank_ic_t_stat,candidate_max_abs_rank_correlation,single_effect_passed,orthogonal_passed,tree_entry_passed,tree_entry_reasons,individual_passed,individual_reasons,evaluation_status
self__FR-001,orthogonal_T_entry_v1,,-0.003711067124446559,-2.490095940346096,0.11435481931256268,False,True,True,,True,,entry_passed_pending_freeze
self__FR-002,orthogonal_T_entry_v1,,0.01059539351064185,4.5724476956267806,0.16048899323029858,True,True,True,,True,,entry_passed_pending_freeze
self__FR-003,cheap_T_entry_v1,,-0.007632513275889918,-2.442105376635539,0.3589422951366251,False,False,False,entry correlation is not low enough,False,,
self__FR-004,orthogonal_T_entry_v1,,0.007707182509381019,2.4864266519612594,0.29987837226175246,True,True,True,,True,,entry_passed_pending_freeze
self__FR-005,orthogonal_T_entry_v1,,0.013155186997697224,4.06295492599638,0.2291365026547814,True,True,True,,True,,entry_passed_pending_freeze
self__FR-006,cheap_T_entry_v1,,0.010790773327610557,3.621978956400115,0.42899578242879244,True,False,False,entry correlation is not low enough,False,,
self__FR-010,orthogonal_T_entry_v1,,-0.00045922755950413626,-0.24633930733087742,0.3489769337526945,False,True,True,,True,,entry_passed_pending_freeze
self__FR-011,cheap_T_entry_v1,,0.00519567939799669,0.9652097501525075,0.5379503216316867,True,False,False,entry correlation is not low enough,False,,
self__FR-012,orthogonal_T_entry_v1,,0.0022604337061911373,0.7542727729145537,0.1254251619313263,True,True,True,,True,,entry_passed_pending_freeze
self__FR-013,orthogonal_T_entry_v1,,0.0013806109690857684,0.5478557195345712,0.01906742387599603,True,True,True,,True,,entry_passed_pending_freeze
self__FR-014,cheap_T_entry_v1,,0.015552898866528893,3.9880738828914772,0.5362473637645349,True,False,False,entry correlation is not low enough,False,,
self__FR-015,cheap_T_entry_v1,,0.009734725303421099,3.9915309838593735,0.38194494172930926,True,False,False,entry correlation is not low enough,False,,
self__HF-001,orthogonal_T_entry_v1,,0.01177131161235242,6.746800946083119,0.14815258801922987,True,True,True,,True,,entry_passed_pending_freeze
self__HF-002,cheap_T_entry_v1,,-0.0314705782190214,-11.019209592499271,0.3759550581158286,False,False,False,entry correlation is not low enough,False,,
self__HF-003,cheap_T_entry_v1,,0.04398603325216573,11.778922032406177,0.600627659762027,True,False,False,entry correlation is not low enough,False,,
self__HF-004,orthogonal_T_entry_v1,,-0.003945756635242666,-1.8273824774102625,0.17982233413815799,False,True,True,,True,,entry_passed_pending_freeze
self__INT-002,orthogonal_T_entry_v1,,0.00943140416926857,4.145167316523256,0.050822386529705235,True,True,True,,True,,entry_passed_pending_freeze
self__INT-003,orthogonal_T_entry_v1,,-0.005644950560348774,-1.6329363012745026,0.0713075942733982,False,True,True,,True,,entry_passed_pending_freeze
self__OB-001,orthogonal_T_entry_v1,,-0.005549565490694305,-1.473308300021397,0.29061752247487804,False,True,True,,True,,entry_passed_pending_freeze
self__OB-002,orthogonal_T_entry_v1,,-0.013156505152581507,-5.116785733929813,0.20955398074785747,False,True,True,,True,,entry_passed_pending_freeze
self__OB-003,orthogonal_T_entry_v1,,0.0020174162180181003,1.2557253780157653,0.08895489303915713,True,True,True,,True,,entry_passed_pending_freeze
self__OB-004,orthogonal_T_entry_v1,,0.0013410644102111672,0.6377540625490488,0.056648294023367705,True,True,True,,True,,entry_passed_pending_freeze
self__OB-005,orthogonal_T_entry_v1,,-0.01567879429244684,-7.709993146900996,0.08390183046900625,False,True,True,,True,,entry_passed_pending_freeze
self__PV-001,cheap_T_entry_v1,,-0.01054594690734499,-2.46196649113057,0.4778994046357621,False,False,False,entry correlation is not low enough,False,,
self__PV-002,orthogonal_T_entry_v1,,-0.0295289263122145,-10.135560322876149,0.1909857723561597,False,True,True,,True,,entry_passed_pending_freeze
self__PV-003,cheap_T_entry_v1,,0.04090943113412322,8.276818076182773,0.5799817773710295,True,False,False,entry correlation is not low enough,False,,
self__PV-004,orthogonal_T_entry_v1,,0.011397639741600593,4.257713798962935,0.2428982475361312,True,True,True,,True,,entry_passed_pending_freeze
self__PV-005,cheap_T_entry_v1,,0.01465826703900869,2.651567090010243,0.7615771225005432,True,False,False,entry correlation is not low enough,False,,
self__PV-006,cheap_T_entry_v1,,-0.03209431373405792,-5.821878640497726,0.4797747194977765,False,False,False,entry correlation is not low enough,False,,
self__PV-008,cheap_T_entry_v1,,0.0005329180103540844,0.0844021102850298,0.4074901638339763,True,False,False,entry correlation is not low enough,False,,
self__PV-009,orthogonal_T_entry_v1,,0.014773086098209784,4.960332297755487,0.07936153408538303,True,True,True,,True,,entry_passed_pending_freeze
self__PV-010,orthogonal_T_entry_v1,,0.009394534127859224,2.4743411382275786,0.14908345605354287,True,True,True,,True,,entry_passed_pending_freeze
self__PV-011,orthogonal_T_entry_v1,,0.00896927780338991,2.0071236499932965,0.308790484018865,True,True,True,,True,,entry_passed_pending_freeze
self__PV-013,cheap_T_entry_v1,,0.0049714075700251735,0.7246359002143461,0.41830137187443117,True,False,False,entry correlation is not low enough,False,,
self__PV-014,cheap_T_entry_v1,,0.051282830506773895,9.682155870012432,0.615796723722702,True,False,False,entry correlation is not low enough,False,,
self__PV-015,orthogonal_T_entry_v1,,0.0012250712392743194,0.22920668308735034,0.2718142001406312,True,True,True,,True,,entry_passed_pending_freeze
self__PV-016,orthogonal_T_entry_v1,,0.006755688409893558,1.2894587846870793,0.18011021757200488,True,True,True,,True,,entry_passed_pending_freeze
self__PV-017,orthogonal_T_entry_v1,,0.014263416907049397,1.6757303147604523,0.1355636341500253,True,True,True,,True,,entry_passed_pending_freeze
self__PV-019,orthogonal_T_entry_v1,,0.0006779150550501773,0.10592396019525196,0.1476261632852505,True,True,True,,True,,entry_passed_pending_freeze
self__PV-020,cheap_T_entry_v1,,0.023617338006458776,4.877513616843698,0.5168758662336683,True,False,False,entry correlation is not low enough,False,,
self__PV-021,orthogonal_T_entry_v1,,-0.003899031413809069,-2.2808053539446678,0.041081114595123314,False,True,True,,True,,entry_passed_pending_freeze
self__PV-022,cheap_T_entry_v1,,0.005092424400485486,0.7408725016571802,0.417987921789729,True,False,False,entry correlation is not low enough,False,,
self__PV-023,orthogonal_T_entry_v1,,-0.0025109739674797037,-1.2981655573119681,0.10230480214886302,False,True,True,,True,,entry_passed_pending_freeze
